ph,Hardness,Solids,Chloramines,Sulfate,Conductivity,Organic_carbon,Trihalomethanes,Turbidity,Potability
10.7618978,81.71089527,25999.95367,8.477393872,318.4272408,392.7040818,12.71635014,52.24697244,4.661798516,1
