ph,Hardness,Solids,Chloramines,Sulfate,Conductivity,Organic_carbon,Trihalomethanes,Turbidity,Potability
7.080794504,118.9885791,14285.58385,7.804173553,268.6469407,389.3755659,12.70604897,53.92884577,3.595017181,0
