ph,Hardness,Solids,Chloramines,Sulfate,Conductivity,Organic_carbon,Trihalomethanes,Turbidity,Potability
6.512737124,229.263861,22475.04687,12.58002649,192.0335917,479.5012786,9.983462392,66.66857615,4.612963629,1
