ph,Hardness,Solids,Chloramines,Sulfate,Conductivity,Organic_carbon,Trihalomethanes,Turbidity,Potability
7.080794504,204.8904555,20791.31898,7.300211873,368.5164413,564.3086542,10.37978308,86.99097046,2.963135381,0
